<?xml version = "1.0" standalone = "no"?>
<manifest identifier = "LMSTestPackage_T-01b" version = "1.0"
    xmlns = "http://www.imsglobal.org/xsd/imscp_v1p1"
    xmlns:adlcp = "http://www.adlnet.org/xsd/adlcp_v1p3"
    xmlns:adlseq = "http://www.adlnet.org/xsd/adlseq_v1p3"
    xmlns:adlnav = "http://www.adlnet.org/xsd/adlnav_v1p3"
    xmlns:imsss = "http://www.imsglobal.org/xsd/imsss"
    xmlns:xsi="http://www.w3.org/2001/XMLSchema-instance"
    xsi:schemaLocation = "http://www.imsglobal.org/xsd/imscp_v1p1 imscp_v1p1.xsd
                                           http://www.adlnet.org/xsd/adlcp_v1p3 adlcp_v1p3.xsd
                                           http://www.adlnet.org/xsd/adlseq_v1p3 adlseq_v1p3.xsd
                                           http://www.adlnet.org/xsd/adlnav_v1p3 adlnav_v1p3.xsd
                                           http://www.imsglobal.org/xsd/imsss imsss_v1p0.xsd"  >

   <metadata>
      <schema>ADL SCORM</schema>
      <schemaversion>2004 4th Edition</schemaversion>
   </metadata>
  <organizations default="ORG-93A8E592-F90F-2CB7-89AD-10370D883888">
    <organization identifier="ORG-93A8E592-F90F-2CB7-89AD-10370D883888" structure="hierarchical">
      <title>SCORM 2004 4th Edition Bookmarking Example 1.0</title>
      <item identifier="ITEM-D192B55B-9F8C-6363-F091-9C7CD0EF863E" isvisible="true" identifierref="RES-7DE127AD-CBFB-E3E5-7041-A548BAA7C3B1">
        <title>Bookmarking Overview</title>
        <adlnav:presentation>
          <adlnav:navigationInterface>
            <adlnav:hideLMSUI>continue</adlnav:hideLMSUI>
            <adlnav:hideLMSUI>previous</adlnav:hideLMSUI>
          </adlnav:navigationInterface>
        </adlnav:presentation>
      </item>
      <item identifier="ITEM-2B829CFF-88B7-7745-6531-2A9C1E1A2FC3" isvisible="true" identifierref="RES-8D779E15-293E-1855-F57D-72BAD7F95B75">
        <title>Bookmarking Example</title>
        <adlnav:presentation>
          <adlnav:navigationInterface>
            <adlnav:hideLMSUI>continue</adlnav:hideLMSUI>
            <adlnav:hideLMSUI>previous</adlnav:hideLMSUI>
          </adlnav:navigationInterface>
        </adlnav:presentation>
      </item>
      <item identifier="ITEM-24F55BBA-E450-B134-1C59-88B577125BDD" isvisible="true" identifierref="RES-9BDEC10C-F5CB-E76E-4359-9B60AF2A3090">
        <title>Bookmarking Analysis</title>
        <adlnav:presentation>
          <adlnav:navigationInterface>
            <adlnav:hideLMSUI>continue</adlnav:hideLMSUI>
            <adlnav:hideLMSUI>previous</adlnav:hideLMSUI>
          </adlnav:navigationInterface>
        </adlnav:presentation>
      </item>
      <imsss:sequencing>
        <imsss:controlMode choice="true" choiceExit="true" flow="true" forwardOnly="false" useCurrentAttemptObjectiveInfo="true" useCurrentAttemptProgressInfo="true" />
      </imsss:sequencing>
    </organization>
  </organizations>
  <resources>
    <resource identifier="RES-7DE127AD-CBFB-E3E5-7041-A548BAA7C3B1" type="webcontent" href="Bookmarking%20Overview/bkmg_over.html" adlcp:scormType="sco">
      <file href="Bookmarking%20Overview/bkmg_over.html" />
      <file href="Bookmarking%20Overview/images/bo_1.jpg" />
      <file href="Bookmarking%20Overview/images/bo_2.jpg" />
      <file href="Bookmarking%20Overview/images/Intro_bkmg.swf" />
      <dependency identifierref="COMMON_FILES" />
    </resource>
    <resource identifier="RES-8D779E15-293E-1855-F57D-72BAD7F95B75" type="webcontent" href="Bookmarking%20Example/bkmg_example.html" adlcp:scormType="sco">
      <file href="Bookmarking%20Example/bkmg_example.html" />
      <file href="Bookmarking%20Example/images/Banner_1.jpg" />
      <file href="Bookmarking%20Example/images/Banner_2.jpg" />
      <file href="Bookmarking%20Example/images/Banner_3.jpg" />
      <file href="Bookmarking%20Example/images/be_1.jpg" />
      <file href="Bookmarking%20Example/images/be_2.jpg" />
      <file href="Bookmarking%20Example/images/be_3.jpg" />
      <dependency identifierref="COMMON_FILES" />
    </resource>
    <resource identifier="RES-9BDEC10C-F5CB-E76E-4359-9B60AF2A3090" type="webcontent" href="Bookmarking%20Analysis/bkmg_analysis.html" adlcp:scormType="sco">
      <file href="Bookmarking%20Analysis/bkmg_analysis.html" />
      <file href="Bookmarking%20Analysis/images/ba_1.jpg" />
      <file href="Bookmarking%20Analysis/images/ba_2.jpg" />
      <file href="Bookmarking%20Analysis/images/ba_3.jpg" />
      <dependency identifierref="COMMON_FILES" />
    </resource>
    <resource identifier="COMMON_FILES" type="webcontent" adlcp:scormType="asset">
      <file href="Shared%20Files/images/bottom.gif" />
      <file href="Shared%20Files/images/next.gif" />
      <file href="Shared%20Files/images/next_rollover.gif" />
      <file href="Shared%20Files/images/previous.gif" />
      <file href="Shared%20Files/images/previous_rollover.gif" />
      <file href="Shared%20Files/images/top.jpg" />
      <file href="Shared%20Files/css/style.css" />
	  <file href="Shared%20Files/scripts/APIWrapper.js" />
	  <file href="Shared%20Files/scripts/courseFunctions.js" />
	  <file href="Shared%20Files/resources/BookmarkingFlowChart.pdf" />
    </resource>
  </resources>
</manifest>

